{"train_loss_even": 127.48121643066406, "train_loss_odd": 127.9642562866211, "train_loss_all": 133.1824493408203, "train_loss": 388.6279296875, "_timestamp": 1717170353.615133, "_runtime": 179.44501209259033, "_step": 387, "val_loss_even": 140.45425415039062, "val_loss_odd": 140.63970947265625, "val_loss_all": 144.7041778564453, "val_loss": 426.23388671875}