{"train_loss_even": 51.927555084228516, "train_loss_odd": 49.829097747802734, "train_loss_all": 53.89905548095703, "train_loss": 155.65570068359375, "_timestamp": 1717168413.1737595, "_runtime": 12.078697443008423, "_step": 8, "val_loss_even": 51.88755416870117, "val_loss_odd": 49.76528549194336, "val_loss_all": 53.442543029785156, "val_loss": 155.0953826904297, "_wandb": {"runtime": 11}}