{"train_loss_even": 140.28140258789062, "train_loss_odd": 140.79359436035156, "train_loss_all": 144.7391357421875, "train_loss": 425.81414794921875, "_timestamp": 1717170147.3076582, "_runtime": 83.45351529121399, "_step": 317, "val_loss_even": 141.42233276367188, "val_loss_odd": 141.6295166015625, "val_loss_all": 145.48910522460938, "val_loss": 428.3598327636719}