{"_wandb": {"runtime": 10}, "train_loss_even": 73.03709411621094, "train_loss_odd": 72.6553955078125, "train_loss_all": 72.38720703125, "train_loss": 218.07969665527344, "_timestamp": 1717537549.8282895, "_runtime": 10.804742574691772, "_step": 0}