{"train_loss_even": 53.933677673339844, "train_loss_odd": 52.52183532714844, "train_loss_all": 54.06460189819336, "train_loss": 160.52011108398438, "_timestamp": 1717168867.42456, "_runtime": 16.67231512069702, "_step": 18, "val_loss_even": 53.617774963378906, "val_loss_odd": 52.50428771972656, "val_loss_all": 53.96772766113281, "val_loss": 160.3059539794922, "_wandb": {"runtime": 15}}