{"_wandb": {"runtime": 6}, "train_loss_even": 73.03709411621094, "train_loss_odd": 72.6553955078125, "train_loss_all": 72.38720703125, "train_loss": 218.07969665527344, "_timestamp": 1717537591.3337233, "_runtime": 6.800955295562744, "_step": 0}