{"train_loss_even": 54.77469253540039, "train_loss_odd": 54.1917839050293, "train_loss_all": 55.35399627685547, "train_loss": 164.32046508789062, "_timestamp": 1717169094.0028012, "_runtime": 16.886019229888916, "_step": 18, "val_loss_even": 54.42593765258789, "val_loss_odd": 54.549644470214844, "val_loss_all": 55.2772216796875, "val_loss": 163.80587768554688, "_wandb": {"runtime": 15}}