{"train_loss_even": 196.0682373046875, "train_loss_odd": 195.91909790039062, "train_loss_all": 197.17440795898438, "train_loss": 589.1617431640625, "_timestamp": 1717169026.6966486, "_runtime": 155.2174894809723, "_step": 18, "val_loss_even": 196.09616088867188, "val_loss_odd": 195.2572021484375, "val_loss_all": 196.91380310058594, "val_loss": 587.8837280273438, "_wandb": {"runtime": 153}}