{"train_loss_even": 110.89656829833984, "train_loss_odd": 109.41401672363281, "train_loss_all": 116.91547393798828, "train_loss": 337.2260437011719, "_timestamp": 1717171034.875192, "_runtime": 185.2213909626007, "_step": 312, "val_loss": 384.28704833984375}