{"train_loss_even": 8.816761016845703, "train_loss_odd": 9.40307903289795, "train_loss_all": 9.593221664428711, "train_loss": 27.81306266784668, "_timestamp": 1717167843.5640893, "_runtime": 213.52003741264343, "_step": 407}