{"train_loss_even": 50.086021423339844, "train_loss_odd": 49.896244049072266, "train_loss_all": 50.28297805786133, "train_loss": 150.26524353027344, "_timestamp": 1717169071.505104, "_runtime": 16.98481798171997, "_step": 18, "val_loss_even": 49.70386505126953, "val_loss_odd": 49.64382553100586, "val_loss_all": 50.10545349121094, "val_loss": 149.56033325195312, "_wandb": {"runtime": 15}}