{"train_loss_even": 208.2779083251953, "train_loss_odd": 207.2530517578125, "train_loss_all": 209.09957885742188, "train_loss": 624.6304931640625, "_timestamp": 1717169049.6109443, "_runtime": 17.623192310333252, "_step": 18, "val_loss_even": 207.7947998046875, "val_loss_odd": 206.73951721191406, "val_loss_all": 208.89015197753906, "val_loss": 622.8418579101562, "_wandb": {"runtime": 16}}