{"train_loss_even": 49.960838317871094, "train_loss_odd": 47.81293487548828, "train_loss_all": 51.635623931884766, "train_loss": 149.40939331054688, "_timestamp": 1717168844.6932564, "_runtime": 15.80833649635315, "_step": 18, "val_loss_even": 49.83311462402344, "val_loss_odd": 47.795318603515625, "val_loss_all": 51.53578186035156, "val_loss": 149.145263671875, "_wandb": {"runtime": 15}}